EventID,VehicleType,Latitude,Longitude,EquipmentID
1,Dozer,52.5044412,-122.2645712,DZ003
1,Dozer,52.5142099,-122.2764587,DZ004
1,Shovel,52.5146147,-122.2753644,SH002
1,Shovel,52.5173438,-122.2691202,SH001
1,Dozer,52.5179183,-122.2655153,DZ001
1,Dozer,52.5183362,-122.2713947,DZ002
1,Shovel,52.5219267,-122.2727144,SH003
1,Truck,52.527423,-122.2823381,TR004
1,Truck,52.5279321,-122.2830248,TR001
1,Truck,52.5284151,-122.282424,TR002
1,Truck,52.5284412,-122.283926,TR005
1,Truck,52.5284543,-122.2821879,TR003
2,Dozer,52.5039971,-122.2637987,DZ003
2,Dozer,52.5143405,-122.2763407,DZ004
2,Shovel,52.5145886,-122.2752678,SH002
2,Dozer,52.5173177,-122.2660303,DZ001
2,Shovel,52.5173438,-122.2693133,SH001
2,Dozer,52.5181273,-122.2710514,DZ002
2,Shovel,52.5219724,-122.2727144,SH003
2,Truck,52.5272925,-122.2818875,TR004
2,Truck,52.5273186,-122.285428,TR005
2,Truck,52.527906,-122.2833896,TR001
2,Truck,52.5284935,-122.2818875,TR003
2,Truck,52.5285848,-122.2824669,TR002
3,Dozer,52.5036052,-122.263155,DZ003
3,Dozer,52.5144319,-122.27633,DZ004
3,Shovel,52.5145821,-122.2751713,SH002
3,Dozer,52.5167432,-122.2668457,DZ001
3,Shovel,52.5173765,-122.269206,SH002
3,Dozer,52.5179183,-122.2707081,DZ002
3,Shovel,52.5219986,-122.27265,SH003
3,Truck,52.5268747,-122.2867584,TR005
3,Truck,52.5271228,-122.2818232,TR004
3,Truck,52.5279582,-122.2837758,TR001
3,Truck,52.5283238,-122.2816944,TR003
3,Truck,52.5286632,-122.2826385,TR002
4,Dozer,52.5033701,-122.2623396,DZ003
4,Dozer,52.5145103,-122.2763622,DZ004
4,Shovel,52.514556,-122.2750962,SH002
4,Dozer,52.5163253,-122.2677898,DZ001
4,Shovel,52.517396,-122.2691095,SH003
4,Dozer,52.5178922,-122.270236,DZ002
4,Shovel,52.5220181,-122.2725749,SH003
4,Truck,52.5269531,-122.2820807,TR004
4,Truck,52.5270575,-122.2883892,TR005
4,Truck,52.528141,-122.2814155,TR003
4,Truck,52.5281541,-122.2842479,TR001
4,Truck,52.5287154,-122.2828317,TR002
5,Dozer,52.5032134,-122.2618675,DZ003
5,Shovel,52.5145429,-122.2749889,SH002
5,Dozer,52.5146017,-122.2765231,DZ004
5,Dozer,52.5156463,-122.2686481,DZ001
5,Shovel,52.517396,-122.2690022,SH004
5,Dozer,52.51784,-122.269721,DZ002
5,Shovel,52.5219594,-122.2724998,SH003
5,Truck,52.5261175,-122.2900629,TR005
5,Truck,52.526692,-122.282424,TR004
5,Truck,52.5276841,-122.2849989,TR001
5,Truck,52.5280888,-122.2810936,TR003
5,Truck,52.5287937,-122.2830677,TR002
6,Dozer,52.5031611,-122.2612238,DZ003
6,Shovel,52.514507,-122.275005,SH002
6,Dozer,52.5146931,-122.2765231,DZ004
6,Dozer,52.5153329,-122.269721,DZ001
6,Shovel,52.5173308,-122.2690022,SH005
6,Dozer,52.5177094,-122.2691202,DZ002
6,Shovel,52.5219594,-122.2724032,SH003
6,Truck,52.5254909,-122.2913933,TR005
6,Truck,52.5264961,-122.282939,TR004
6,Truck,52.5272272,-122.2861791,TR001
6,Truck,52.5281671,-122.2807717,TR003
6,Truck,52.528859,-122.2833037,TR002
7,Dozer,52.5032918,-122.2605371,DZ003
7,Shovel,52.5144776,-122.2750747,SH002
7,Dozer,52.5148563,-122.2765124,DZ004
7,Dozer,52.5162209,-122.2691631,DZ001
7,Shovel,52.5172785,-122.2689807,SH006
7,Dozer,52.517605,-122.2695065,DZ002
7,Shovel,52.5219594,-122.2723067,SH003
7,Truck,52.5245248,-122.2907925,TR005
7,Truck,52.5264831,-122.2837329,TR004
7,Truck,52.5270967,-122.2873163,TR001
7,Truck,52.5283238,-122.2805142,TR003
7,Truck,52.5289243,-122.2834969,TR002
8,Dozer,52.503553,-122.2599363,DZ003
8,Shovel,52.5144776,-122.2751713,SH002
8,Dozer,52.5149542,-122.2765124,DZ004
8,Dozer,52.5167954,-122.2696781,DZ001
8,Shovel,52.517272,-122.2690558,SH007
8,Dozer,52.517605,-122.2700644,DZ002
8,Shovel,52.5219006,-122.2723281,SH003
8,Truck,52.5242115,-122.2899342,TR005
8,Truck,52.5266267,-122.284205,TR004
8,Truck,52.5272794,-122.2883677,TR001
8,Truck,52.5285196,-122.2802997,TR003
8,Truck,52.5289504,-122.2837543,TR002
9,Dozer,52.5038665,-122.2592068,DZ003
9,Shovel,52.5145168,-122.2752464,SH002
9,Dozer,52.5150261,-122.2764373,DZ004
9,Dozer,52.5161947,-122.2696352,DZ001
9,Shovel,52.5172394,-122.2691953,SH008
9,Dozer,52.517605,-122.2705364,DZ002
9,Shovel,52.5218876,-122.2724032,SH003
9,Truck,52.525047,-122.2875309,TR005
9,Truck,52.5269269,-122.2840977,TR004
9,Truck,52.5270967,-122.2890329,TR001
9,Truck,52.5287023,-122.2799778,TR003
9,Truck,52.5288459,-122.2839046,TR002
10,Dozer,52.5041277,-122.258606,DZ003
10,Shovel,52.5145233,-122.2753215,SH002
10,Dozer,52.5151175,-122.2763944,DZ004
10,Dozer,52.5156985,-122.2698069,DZ001
10,Shovel,52.5172459,-122.2692919,SH009
10,Dozer,52.5177355,-122.2708368,DZ002
10,Shovel,52.521881,-122.2724274,SH003
10,Truck,52.5252559,-122.2859859,TR005
10,Truck,52.5266006,-122.2898269,TR001
10,Truck,52.5273577,-122.2836471,TR004
10,Truck,52.5287154,-122.2840333,TR002
10,Truck,52.5289112,-122.2796559,TR003
11,Dozer,52.5043106,-122.2582197,DZ003
11,Shovel,52.5145364,-122.2754073,SH002
11,Dozer,52.5153133,-122.2762871,DZ004
11,Dozer,52.515803,-122.2690773,DZ001
11,Shovel,52.5172655,-122.2693777,SH010
11,Dozer,52.5178922,-122.2711372,DZ002
11,Shovel,52.5218957,-122.2724381,SH003
11,Truck,52.5244726,-122.2846127,TR005
11,Truck,52.5261828,-122.2905564,TR001
11,Truck,52.5276972,-122.2832823,TR004
11,Truck,52.5285718,-122.2841406,TR002
11,Truck,52.5291331,-122.2794628,TR003
12,Dozer,52.5043628,-122.2576618,DZ003
12,Shovel,52.5145821,-122.275461,SH002
12,Dozer,52.5154047,-122.2762764,DZ004
12,Dozer,52.5165081,-122.2681761,DZ001
12,Shovel,52.5173373,-122.2693777,SH011
12,Dozer,52.5179967,-122.2714376,DZ002
12,Shovel,52.5219039,-122.2724113,SH003
12,Truck,52.5229059,-122.2836256,TR005
12,Truck,52.5258826,-122.29105,TR001
12,Truck,52.5284282,-122.2842264,TR002
12,Truck,52.5285718,-122.2822523,TR004
12,Truck,52.5293289,-122.2793341,TR003
13,Dozer,52.5045979,-122.2573185,DZ003
13,Shovel,52.5146343,-122.2754502,SH002
13,Dozer,52.5153395,-122.2760832,DZ004
13,Dozer,52.5169782,-122.2674465,DZ001
13,Shovel,52.5174417,-122.2694206,SH012
13,Dozer,52.5181534,-122.2717381,DZ002
13,Truck,52.5216526,-122.282939,TR005
13,Shovel,52.5219039,-122.2723845,SH003
13,Truck,52.5254909,-122.2915006,TR001
13,Truck,52.5284282,-122.2843981,TR002
13,Truck,52.5287807,-122.2824669,TR004
13,Truck,52.5291984,-122.2791839,TR003
14,Dozer,52.5045457,-122.2568464,DZ003
14,Shovel,52.5146735,-122.2753859,SH002
14,Dozer,52.5151371,-122.2762442,DZ004
14,Shovel,52.517507,-122.2693133,SH013
14,Dozer,52.5176311,-122.2664595,DZ001
14,Dozer,52.5183884,-122.2717381,DZ002
14,Truck,52.5203208,-122.2820377,TR005
14,Shovel,52.5219088,-122.2723603,SH003
14,Truck,52.5249557,-122.2915435,TR001
14,Truck,52.5285457,-122.2843337,TR002
14,Truck,52.5288459,-122.2790337,TR003
14,Truck,52.5288981,-122.2829604,TR004
15,Dozer,52.5042844,-122.2570181,DZ003
15,Shovel,52.5146408,-122.2752893,SH002
15,Dozer,52.5150065,-122.2762764,DZ004
15,Shovel,52.5174548,-122.2691953,SH014
15,Dozer,52.518075,-122.2659445,DZ001
15,Dozer,52.5182317,-122.2720385,DZ002
15,Truck,52.5188846,-122.2809649,TR005
15,Shovel,52.5219186,-122.2723442,SH003
15,Truck,52.5244465,-122.2911358,TR001
15,Truck,52.5285065,-122.2787547,TR003
15,Truck,52.5285326,-122.2844625,TR002
15,Truck,52.5290026,-122.2833681,TR004
16,Dozer,52.503971,-122.2576618,DZ003
16,Shovel,52.5146604,-122.2751713,SH002
16,Dozer,52.5148759,-122.27633,DZ004
16,Shovel,52.5174548,-122.2690988,SH015
16,Truck,52.5176572,-122.2799349,TR005
16,Dozer,52.5179183,-122.2666311,DZ001
16,Dozer,52.5179445,-122.2721243,DZ002
16,Shovel,52.5219284,-122.2723389,SH003
16,Truck,52.5241723,-122.2905993,TR001
16,Truck,52.5281802,-122.2784114,TR003
16,Truck,52.5284151,-122.2845483,TR002
16,Truck,52.5288459,-122.2840118,TR004
17,Dozer,52.5038142,-122.2583914,DZ003
17,Shovel,52.5146474,-122.2750425,SH002
17,Dozer,52.5147257,-122.2763622,DZ004
17,Truck,52.5156463,-122.2782612,TR005
17,Shovel,52.5174189,-122.2691175,SH016
17,Dozer,52.5175789,-122.2671461,DZ001
17,Dozer,52.5178139,-122.2715235,DZ002
17,Shovel,52.5219398,-122.2723389,SH003
17,Truck,52.5240679,-122.2900629,TR001
17,Truck,52.5279191,-122.2781754,TR003
17,Truck,52.5282846,-122.2845054,TR002
17,Truck,52.5285848,-122.2842908,TR004
18,Dozer,52.5035791,-122.2589064,DZ003
18,Dozer,52.5146213,-122.2762871,DZ004
18,Shovel,52.5146213,-122.274946,SH002
18,Truck,52.5150718,-122.276845,TR005
18,Dozer,52.5172132,-122.2677469,DZ001
18,Shovel,52.5174205,-122.269147,SH017
18,Dozer,52.5181534,-122.272296,DZ002
18,Shovel,52.521948,-122.2723684,SH003
18,Truck,52.5241332,-122.2894192,TR001
18,Truck,52.5277102,-122.2783256,TR003
18,Truck,52.528141,-122.2845054,TR002
18,Truck,52.5281932,-122.2846341,TR004
19,Dozer,52.5032918,-122.2594643,DZ003
19,Truck,52.5144711,-122.2744846,TR005
19,Shovel,52.5145298,-122.2748601,SH002
19,Dozer,52.5146996,-122.2761583,DZ004
19,Dozer,52.5168476,-122.2680902,DZ001
19,Shovel,52.5174205,-122.2691792,SH018
19,Dozer,52.5183884,-122.2721672,DZ002
19,Shovel,52.5219398,-122.2723871,SH003
19,Truck,52.5243682,-122.2887754,TR001
19,Truck,52.5276188,-122.2786045,TR003
19,Truck,52.5278799,-122.2851491,TR004
19,Truck,52.5280496,-122.2846341,TR002
20,Dozer,52.5029783,-122.2599792,DZ003
20,Truck,52.5138704,-122.2736692,TR005
20,Shovel,52.5145266,-122.274887,SH002
20,Dozer,52.5147975,-122.2761583,DZ004
20,Dozer,52.5165865,-122.2684765,DZ001
20,Shovel,52.5174238,-122.2692007,SH019
20,Dozer,52.5185973,-122.2718668,DZ002
20,Shovel,52.5219382,-122.2724086,SH003
20,Truck,52.5245901,-122.2883463,TR001
20,Truck,52.5275144,-122.2790766,TR003
20,Truck,52.527671,-122.2856855,TR004
20,Truck,52.5279713,-122.2847629,TR002
21,Dozer,52.5028215,-122.2606659,DZ003
21,Truck,52.5124078,-122.2732401,TR005
21,Shovel,52.5145356,-122.2749031,SH002
21,Dozer,52.5149608,-122.2760618,DZ004
21,Dozer,52.5162992,-122.268734,DZ001
21,Shovel,52.517432,-122.2692248,SH020
21,Dozer,52.5187801,-122.2716522,DZ002
21,Shovel,52.5219414,-122.2724301,SH003
21,Truck,52.5248251,-122.2877884,TR001
21,Truck,52.5273839,-122.2795486,TR003
21,Truck,52.5274491,-122.2863078,TR004
21,Truck,52.527906,-122.2848701,TR002
22,Dozer,52.5027954,-122.2613525,DZ003
22,Truck,52.5114415,-122.2718668,TR005
22,Shovel,52.5145429,-122.2749111,SH002
22,Dozer,52.5151044,-122.2760725,DZ004
22,Dozer,52.5159336,-122.2694206,DZ001
22,Shovel,52.5174401,-122.2692409,SH021
22,Dozer,52.5189629,-122.2715235,DZ002
22,Shovel,52.5219414,-122.2724488,SH003
22,Truck,52.525047,-122.2873592,TR001
22,Truck,52.5270836,-122.2797418,TR003
22,Truck,52.5272664,-122.2870588,TR004
22,Truck,52.5278669,-122.2850204,TR002
23,Dozer,52.5027954,-122.2619963,DZ003
23,Truck,52.5101094,-122.2707081,TR005
23,Shovel,52.5145527,-122.2749124,SH002
23,Dozer,52.5152611,-122.2759438,DZ004
23,Dozer,52.5162731,-122.2699785,DZ001
23,Shovel,52.5174515,-122.2692651,SH022
23,Dozer,52.5191457,-122.2715235,DZ002
23,Shovel,52.5219414,-122.2724757,SH003
23,Truck,52.5252429,-122.2868228,TR001
23,Truck,52.5267833,-122.2796988,TR003
23,Truck,52.5273577,-122.2877026,TR004
23,Truck,52.5277755,-122.2851491,TR002
24,Dozer,52.502926,-122.26264,DZ003
24,Truck,52.5095087,-122.269206,TR005
24,Shovel,52.5145568,-122.2749285,SH002
24,Dozer,52.5153656,-122.2758901,DZ004
24,Dozer,52.5165604,-122.2698927,DZ001
24,Shovel,52.5174597,-122.2692865,SH023
24,Dozer,52.5194068,-122.2716951,DZ002
24,Shovel,52.5219398,-122.2724971,SH003
24,Truck,52.5252429,-122.286222,TR001
24,Truck,52.5264961,-122.2794414,TR003
24,Truck,52.5273839,-122.288518,TR004
24,Truck,52.5276972,-122.2853208,TR002
25,Dozer,52.5031611,-122.2631121,DZ003
25,Truck,52.5088034,-122.2650433,TR005
25,Shovel,52.5145617,-122.2749473,SH002
25,Dozer,52.515346,-122.2756863,DZ004
25,Dozer,52.5165865,-122.2691631,DZ001
25,Shovel,52.5174711,-122.2693053,SH024
25,Dozer,52.5196158,-122.2719526,DZ002
25,Shovel,52.5219431,-122.2725132,SH003
25,Truck,52.5249295,-122.285707,TR001
25,Truck,52.5261698,-122.2792268,TR003
25,Truck,52.5270967,-122.2894835,TR004
25,Truck,52.5276449,-122.2854924,TR002
26,Dozer,52.5033179,-122.2634554,DZ003
26,Truck,52.5086467,-122.2609234,TR005
26,Shovel,52.5145723,-122.2749554,SH002
26,Dozer,52.5152676,-122.2757077,DZ004
26,Dozer,52.5162731,-122.268219,DZ001
26,Shovel,52.5174711,-122.2693267,SH025
26,Dozer,52.5198247,-122.2721672,DZ002
26,Shovel,52.5219578,-122.2725266,SH003
26,Truck,52.5246162,-122.2852564,TR001
26,Truck,52.5258042,-122.2790551,TR003
26,Truck,52.5267833,-122.2898698,TR004
26,Truck,52.5275797,-122.2856212,TR002
27,Dozer,52.503553,-122.2640133,DZ003
27,Truck,52.5087773,-122.2579193,TR005
27,Shovel,52.5145829,-122.2749647,SH002
27,Dozer,52.5150718,-122.2758901,DZ004
27,Dozer,52.5166648,-122.2674036,DZ001
27,Shovel,52.517445,-122.2692972,SH026
27,Dozer,52.5200075,-122.272253,DZ002
27,Shovel,52.5219692,-122.2725347,SH003
27,Truck,52.5243551,-122.2847414,TR001
27,Truck,52.5249034,-122.2792482,TR003
27,Truck,52.526222,-122.2908568,TR004
27,Truck,52.5275274,-122.2857499,TR002
28,Dozer,52.5038142,-122.2642708,DZ003
28,Truck,52.5087251,-122.2557306,TR005
28,Shovel,52.5145878,-122.2749715,SH002
28,Dozer,52.5149673,-122.2761476,DZ004
28,Dozer,52.516926,-122.2670174,DZ001
28,Shovel,52.5174238,-122.2692651,SH027
28,Dozer,52.5202164,-122.2723389,DZ002
28,Shovel,52.5219692,-122.2725534,SH003
28,Truck,52.5243029,-122.2841835,TR001
28,Truck,52.5245509,-122.2792697,TR003
28,Truck,52.5258173,-122.291522,TR004
28,Truck,52.5274622,-122.2859001,TR002
29,Dozer,52.5040232,-122.2646999,DZ003
29,Truck,52.5080721,-122.2565031,TR005
29,Shovel,52.5145919,-122.2749822,SH002
29,Dozer,52.5147845,-122.2762334,DZ004
29,Dozer,52.517161,-122.2666311,DZ001
29,Shovel,52.5174173,-122.2692436,SH028
29,Dozer,52.5204514,-122.2725534,DZ002
29,Shovel,52.5219741,-122.2725722,SH003
29,Truck,52.5237937,-122.2837543,TR001
29,Truck,52.5240548,-122.2789049,TR003
29,Truck,52.5254126,-122.2916508,TR004
29,Truck,52.5273969,-122.2860718,TR002
30,Dozer,52.5042061,-122.2650433,DZ003
30,Truck,52.5076802,-122.2598934,TR005
30,Shovel,52.5145951,-122.2749929,SH002
30,Dozer,52.5146408,-122.2766089,DZ004
30,Dozer,52.5173438,-122.2663736,DZ001
30,Shovel,52.5174169,-122.2692315,SH029
30,Dozer,52.5206864,-122.2726822,DZ002
30,Shovel,52.5219953,-122.2725722,SH003
30,Truck,52.523154,-122.2834539,TR001
30,Truck,52.523624,-122.2785616,TR003
30,Truck,52.524812,-122.2915435,TR004
30,Truck,52.5273969,-122.2862005,TR002
31,Dozer,52.5042779,-122.2651505,DZ003
31,Truck,52.5073929,-122.2622967,TR005
31,Shovel,52.5145984,-122.2750036,SH002
31,Dozer,52.5147584,-122.2766519,DZ004
31,Shovel,52.5174189,-122.2692215,SH030
31,Dozer,52.5176833,-122.2659874,DZ001
31,Dozer,52.5208953,-122.2726822,DZ002
31,Shovel,52.5219953,-122.272591,SH003
31,Truck,52.522697,-122.283175,TR001
31,Truck,52.5232584,-122.2781324,TR003
31,Truck,52.5244726,-122.2913504,TR004
31,Truck,52.5273186,-122.2863722,TR002
32,Dozer,52.5043759,-122.2652364,DZ003
32,Truck,52.5070795,-122.2639704,TR005
32,Shovel,52.5146,-122.2750144,SH002
32,Dozer,52.5148759,-122.2766411,DZ004
32,Shovel,52.5174226,-122.2692215,SH031
32,Dozer,52.5181534,-122.2655582,DZ001
32,Dozer,52.5211042,-122.272768,DZ002
32,Shovel,52.5219888,-122.2726178,SH003
32,Truck,52.522214,-122.282896,TR001
32,Truck,52.5229712,-122.2776604,TR003
32,Truck,52.524329,-122.2913933,TR004
32,Truck,52.5272925,-122.2865224,TR002
33,Dozer,52.5044869,-122.2652471,DZ003
33,Truck,52.5066354,-122.2654295,TR005
33,Shovel,52.5146057,-122.2750251,SH002
33,Dozer,52.5150718,-122.276566,DZ004
33,Shovel,52.5174238,-122.2692262,SH032
33,Dozer,52.5182578,-122.2660303,DZ001
33,Truck,52.5210781,-122.282424,TR001
33,Dozer,52.5213392,-122.2728968,DZ002
33,Shovel,52.521979,-122.2726312,SH003
33,Truck,52.5227232,-122.2772527,TR003
33,Truck,52.5242898,-122.2915864,TR004
33,Truck,52.5272533,-122.2867155,TR002
34,Dozer,52.5043955,-122.2649789,DZ003
34,Truck,52.5067921,-122.2682619,TR005
34,Shovel,52.5146082,-122.2750372,SH002
34,Dozer,52.5151566,-122.2765124,DZ004
34,Shovel,52.517423,-122.2692335,SH033
34,Dozer,52.5174744,-122.2668028,DZ001
34,Truck,52.5198769,-122.2815871,TR001
34,Dozer,52.5215481,-122.2725964,DZ002
34,Shovel,52.5219692,-122.2726634,SH003
34,Truck,52.5223706,-122.2767377,TR003
34,Truck,52.5244204,-122.2921872,TR004
34,Truck,52.5272403,-122.2869086,TR002
35,Dozer,52.5042714,-122.2648716,DZ003
35,Truck,52.5059562,-122.2696352,TR005
35,Shovel,52.514609,-122.2750452,SH002
35,Dozer,52.5153133,-122.2763944,DZ004
35,Dozer,52.5168737,-122.2677898,DZ001
35,Shovel,52.517423,-122.2692409,SH034
35,Truck,52.518754,-122.280643,TR001
35,Dozer,52.5217048,-122.2723818,DZ002
35,Shovel,52.5219561,-122.2726741,SH003
35,Truck,52.521979,-122.2760296,TR003
35,Truck,52.5245901,-122.292788,TR004
35,Truck,52.5272272,-122.2871017,TR002
36,Dozer,52.5040624,-122.2644746,DZ003
36,Truck,52.5051465,-122.2690773,TR005
36,Shovel,52.5146123,-122.2750559,SH002
36,Dozer,52.5154178,-122.2763622,DZ004
36,Dozer,52.5158814,-122.2686052,DZ001
36,Shovel,52.5174242,-122.269249,SH035
36,Truck,52.5175136,-122.2796345,TR001
36,Dozer,52.5217831,-122.2720814,DZ002
36,Truck,52.5218354,-122.2754073,TR003
36,Shovel,52.5219398,-122.2726741,SH003
36,Truck,52.5248643,-122.2934103,TR004
36,Truck,52.5272272,-122.2873592,TR002
37,Dozer,52.5039905,-122.2642601,DZ003
37,Truck,52.5046763,-122.2675753,TR005
37,Shovel,52.5146147,-122.275064,SH002
37,Dozer,52.5155027,-122.2762442,DZ004
37,Dozer,52.5158814,-122.2700214,DZ001
37,Truck,52.5163776,-122.2785616,TR001
37,Shovel,52.5174279,-122.2692543,SH036
37,Truck,52.5215742,-122.2743559,TR003
37,Shovel,52.5219202,-122.2726741,SH003
37,Dozer,52.5220181,-122.2718239,DZ002
37,Truck,52.5251776,-122.293818,TR004
37,Truck,52.5272533,-122.2875309,TR002
38,Dozer,52.503873,-122.2641098,DZ003
38,Truck,52.5045195,-122.2662449,TR005
38,Shovel,52.5146172,-122.2750761,SH002
38,Dozer,52.5154439,-122.2760725,DZ004
38,Truck,52.5155288,-122.2776175,TR001
38,Dozer,52.516482,-122.2702789,DZ001
38,Shovel,52.5174287,-122.269259,SH037
38,Truck,52.5214567,-122.2737122,TR003
38,Shovel,52.5219153,-122.2726473,SH003
38,Dozer,52.522227,-122.2715664,DZ002
38,Truck,52.5255301,-122.293582,TR004
38,Truck,52.5273055,-122.2876811,TR002
39,Dozer,52.5037293,-122.2639275,DZ003
39,Truck,52.5049897,-122.266202,TR005
39,Shovel,52.5146204,-122.2750868,SH002
39,Truck,52.5151501,-122.2758579,TR001
39,Dozer,52.5152611,-122.2758043,DZ004
39,Dozer,52.5169521,-122.2691631,DZ001
39,Shovel,52.5174307,-122.2692704,SH038
39,Truck,52.5214176,-122.2732401,TR003
39,Shovel,52.5219316,-122.2726366,SH003
39,Dozer,52.5220442,-122.2712231,DZ002
39,Truck,52.5270183,-122.2932172,TR004
39,Truck,52.5273316,-122.2879815,TR002
40,Dozer,52.5035661,-122.2637236,DZ003
40,Truck,52.5053816,-122.2671032,TR005
40,Shovel,52.5146229,-122.2750962,SH002
40,Truck,52.5148759,-122.2748494,TR001
40,Dozer,52.5150718,-122.2757936,DZ004
40,Dozer,52.5156985,-122.2701502,DZ001
40,Shovel,52.5174258,-122.2692751,SH039
40,Truck,52.521522,-122.2730041,TR003
40,Dozer,52.5218354,-122.2713947,DZ002
40,Shovel,52.5219414,-122.2726232,SH003
40,Truck,52.5271619,-122.293582,TR004
40,Truck,52.5273577,-122.2882819,TR002
41,Dozer,52.5034942,-122.2634017,DZ003
41,Truck,52.5058518,-122.2674465,TR005
41,Truck,52.5144711,-122.2741199,TR001
41,Shovel,52.514627,-122.2751082,SH002
41,Dozer,52.5149804,-122.2759008,DZ004
41,Dozer,52.5153329,-122.269206,DZ001
41,Shovel,52.5174181,-122.2692718,SH040
41,Dozer,52.5217048,-122.2716522,DZ002
41,Truck,52.5217309,-122.2728539,TR003
41,Shovel,52.5219545,-122.2726098,SH003
41,Truck,52.5270836,-122.2938395,TR004
41,Truck,52.5273055,-122.288754,TR002
42,Dozer,52.503344,-122.2631013,DZ003
42,Truck,52.5058256,-122.2664165,TR005
42,Truck,52.5145886,-122.2738838,TR001
42,Shovel,52.5146294,-122.275119,SH002
42,Dozer,52.5147845,-122.2760189,DZ004
42,Dozer,52.5157247,-122.2682619,DZ001
42,Shovel,52.5174177,-122.2692651,SH041
42,Dozer,52.521522,-122.2718668,DZ002
42,Shovel,52.5219626,-122.2725883,SH003
42,Truck,52.5219659,-122.2726178,TR003
42,Truck,52.5270053,-122.2940755,TR004
42,Truck,52.5271228,-122.2890973,TR002
43,Dozer,52.5031873,-122.2628331,DZ003
43,Truck,52.505251,-122.2649574,TR005
43,Dozer,52.5146278,-122.2760403,DZ004
43,Shovel,52.5146311,-122.275131,SH002
43,Truck,52.5147061,-122.2737765,TR001
43,Dozer,52.5160903,-122.2677469,DZ001
43,Shovel,52.5174148,-122.269257,SH042
43,Dozer,52.5213914,-122.2721672,DZ002
43,Shovel,52.5219545,-122.2725669,SH003
43,Truck,52.5220965,-122.2722745,TR003
43,Truck,52.5268617,-122.2896123,TR002
43,Truck,52.5269139,-122.2941828,TR004
44,Dozer,52.5030371,-122.2625113,DZ003
44,Truck,52.5049375,-122.2633696,TR005
44,Dozer,52.5145625,-122.2761261,DZ004
44,Shovel,52.5146359,-122.2751418,SH002
44,Truck,52.5152938,-122.2739911,TR001
44,Dozer,52.5162209,-122.2673178,DZ001
44,Shovel,52.5174128,-122.269249,SH043
44,Dozer,52.5212087,-122.2724247,DZ002
44,Shovel,52.5219431,-122.2725508,SH003
44,Truck,52.5222662,-122.2718668,TR003
44,Truck,52.5267311,-122.2898483,TR002
44,Truck,52.5268094,-122.2943223,TR004
45,Dozer,52.5029587,-122.2620928,DZ003
45,Truck,52.5048069,-122.26161,TR005
45,Dozer,52.5145168,-122.2761905,DZ004
45,Shovel,52.5146384,-122.2751512,SH002
45,Truck,52.5157247,-122.2742701,TR001
45,Dozer,52.5164559,-122.2667599,DZ001
45,Shovel,52.5174116,-122.2692409,SH044
45,Dozer,52.5209475,-122.272296,DZ002
45,Shovel,52.5219333,-122.2725347,SH003
45,Truck,52.5224882,-122.272017,TR003
45,Truck,52.5265745,-122.2901058,TR002
45,Truck,52.526705,-122.2943866,TR004
46,Dozer,52.502926,-122.261728,DZ003
46,Truck,52.5045195,-122.2607088,TR005
46,Dozer,52.5144123,-122.276212,DZ004
46,Shovel,52.5146408,-122.2751659,SH002
46,Truck,52.5161686,-122.2742057,TR001
46,Dozer,52.5167954,-122.2662449,DZ001
46,Shovel,52.5174107,-122.2692302,SH045
46,Dozer,52.5206864,-122.2720814,DZ002
46,Shovel,52.5219235,-122.2725132,SH003
46,Truck,52.5226709,-122.2724032,TR003
46,Truck,52.5263786,-122.2903848,TR002
46,Truck,52.5266006,-122.2940004,TR004
47,Dozer,52.5028868,-122.2611916,DZ003
47,Truck,52.5043628,-122.2612238,TR005
47,Dozer,52.5144711,-122.2764587,DZ004
47,Shovel,52.5146441,-122.275178,SH002
47,Truck,52.5166909,-122.2737122,TR001
47,Dozer,52.5170304,-122.2658587,DZ001
47,Shovel,52.5174128,-122.2692215,SH046
47,Dozer,52.5204253,-122.2720814,DZ002
47,Shovel,52.5219251,-122.272481,SH003
47,Truck,52.5225012,-122.2724676,TR003
47,Truck,52.5262612,-122.2906423,TR002
47,Truck,52.5264374,-122.2935498,TR004
48,Dozer,52.5028934,-122.260859,DZ003
48,Truck,52.5042844,-122.2620392,TR005
48,Dozer,52.5145298,-122.2765768,DZ004
48,Shovel,52.5146466,-122.2751914,SH002
48,Truck,52.5170827,-122.2733688,TR001
48,Dozer,52.5173438,-122.2656441,DZ001
48,Shovel,52.5174181,-122.2692134,SH047
48,Dozer,52.5202425,-122.2718668,DZ002
48,Shovel,52.5219235,-122.2724542,SH003
48,Truck,52.5223315,-122.272296,TR003
48,Truck,52.5261045,-122.2908998,TR002
48,Truck,52.526235,-122.2934639,TR004
49,Dozer,52.5029717,-122.2605586,DZ003
49,Truck,52.5039971,-122.2622538,TR005
49,Dozer,52.5146017,-122.2761476,DZ004
49,Shovel,52.514649,-122.2752021,SH002
49,Shovel,52.5174124,-122.2692101,SH048
49,Truck,52.5174613,-122.2729826,TR001
49,Dozer,52.5176572,-122.2653008,DZ001
49,Dozer,52.5200075,-122.2717381,DZ002
49,Shovel,52.5219218,-122.272422,SH003
49,Truck,52.5222793,-122.2720599,TR003
49,Truck,52.5259217,-122.2911787,TR002
49,Truck,52.5259739,-122.2935283,TR004
50,Dozer,52.503122,-122.2602153,DZ003
50,Truck,52.5036836,-122.2616529,TR005
50,Shovel,52.5146506,-122.2752102,SH002
50,Dozer,52.5146735,-122.2758687,DZ004
50,Shovel,52.5174083,-122.2692134,SH049
50,Truck,52.5176703,-122.2724891,TR001
50,Dozer,52.5178922,-122.265172,DZ001
50,Dozer,52.5197463,-122.2716093,DZ002
50,Shovel,52.5219218,-122.2723952,SH003
50,Truck,52.522449,-122.2722101,TR003
50,Truck,52.5257063,-122.2936141,TR004
50,Truck,52.525752,-122.2914362,TR002
51,Dozer,52.5031677,-122.2599256,DZ003
51,Truck,52.5038142,-122.2608805,TR005
51,Shovel,52.5146417,-122.2752075,SH002
51,Dozer,52.5147649,-122.2758472,DZ004
51,Shovel,52.5174071,-122.2692188,SH050
51,Truck,52.5174875,-122.2711158,TR001
51,Dozer,52.5183362,-122.2653437,DZ001
51,Dozer,52.5195113,-122.2713089,DZ002
51,Shovel,52.5219218,-122.2723684,SH003
51,Truck,52.5220573,-122.2720814,TR003
51,Truck,52.5251776,-122.2939038,TR004
51,Truck,52.5255562,-122.2915435,TR002
52,Dozer,52.5033375,-122.2596788,DZ003
52,Truck,52.5039448,-122.2602367,TR005
52,Shovel,52.5146392,-122.2751927,SH002
52,Dozer,52.5148955,-122.2757936,DZ004
52,Truck,52.5173699,-122.2703862,TR001
52,Shovel,52.5174071,-122.2692262,SH051
52,Dozer,52.5184929,-122.2658587,DZ001
52,Dozer,52.5192763,-122.2711372,DZ002
52,Truck,52.5218615,-122.2723174,TR003
52,Shovel,52.5219316,-122.272355,SH003
52,Truck,52.5249034,-122.2936571,TR004
52,Truck,52.5252951,-122.2916293,TR002
53,Dozer,52.5034812,-122.2594428,DZ003
53,Truck,52.5041799,-122.2595501,TR005
53,Shovel,52.5146359,-122.275178,SH002
53,Dozer,52.5149738,-122.2757185,DZ004
53,Truck,52.5172002,-122.2697639,TR001
53,Shovel,52.5174062,-122.2692322,SH052
53,Dozer,52.5182839,-122.2664595,DZ001
53,Dozer,52.5190151,-122.2710943,DZ002
53,Truck,52.5217178,-122.2725105,TR003
53,Shovel,52.5219708,-122.2723711,SH003
53,Truck,52.5245901,-122.2931206,TR004
53,Truck,52.5249948,-122.2916508,TR002
54,Dozer,52.5035661,-122.259239,DZ003
54,Truck,52.5043889,-122.2587776,TR005
54,Shovel,52.5146335,-122.2751646,SH002
54,Dozer,52.5150848,-122.2756648,DZ004
54,Truck,52.5171088,-122.2691846,TR001
54,Shovel,52.5174062,-122.2692396,SH053
54,Dozer,52.5181011,-122.2667599,DZ001
54,Dozer,52.5188323,-122.2710943,DZ002
54,Truck,52.5213131,-122.2732401,TR003
54,Shovel,52.5219757,-122.2723898,SH003
54,Truck,52.5244661,-122.2926807,TR004
54,Truck,52.5247337,-122.2915649,TR002
55,Dozer,52.5036901,-122.2590458,DZ003
55,Truck,52.5045718,-122.2580051,TR005
55,Shovel,52.5146311,-122.2751471,SH002
55,Dozer,52.5152546,-122.275579,DZ004
55,Truck,52.5172394,-122.2690988,TR001
55,Shovel,52.5174062,-122.2692456,SH054
55,Dozer,52.5178139,-122.2670174,DZ001
55,Dozer,52.5186234,-122.271266,DZ002
55,Truck,52.5217831,-122.2743344,TR003
55,Shovel,52.5219757,-122.2724086,SH003
55,Truck,52.5242898,-122.2921765,TR004
55,Truck,52.5245379,-122.2913074,TR002
56,Dozer,52.5037685,-122.2588098,DZ003
56,Truck,52.5051203,-122.2615671,TR005
56,Shovel,52.5146245,-122.2751324,SH002
56,Dozer,52.5153395,-122.2755468,DZ004
56,Dozer,52.516482,-122.2670603,DZ001
56,Truck,52.5172916,-122.2692704,TR001
56,Shovel,52.5173973,-122.2692396,SH055
56,Dozer,52.5185712,-122.2709656,DZ002
56,Shovel,52.5219757,-122.2724274,SH003
56,Truck,52.521979,-122.2754288,TR003
56,Truck,52.5242376,-122.2917688,TR004
56,Truck,52.5242637,-122.2911143,TR002
57,Dozer,52.5038273,-122.2585738,DZ003
57,Truck,52.5054599,-122.2617388,TR005
57,Shovel,52.5146229,-122.2751217,SH002
57,Dozer,52.5153917,-122.2756541,DZ004
57,Dozer,52.5158291,-122.2674894,DZ001
57,Truck,52.5172916,-122.2695065,TR001
57,Shovel,52.5173985,-122.2692322,SH056
57,Dozer,52.5183623,-122.2709656,DZ002
57,Shovel,52.5219696,-122.2724267,SH003
57,Truck,52.5221226,-122.2760081,TR003
57,Truck,52.5241332,-122.2907281,TR002
57,Truck,52.5242376,-122.291286,TR004
58,Dozer,52.5039383,-122.2582197,DZ003
58,Truck,52.5051465,-122.2598076,TR005
58,Shovel,52.5146204,-122.2751082,SH002
58,Dozer,52.5154047,-122.2757399,DZ004
58,Dozer,52.5156724,-122.267704,DZ001
58,Truck,52.5172916,-122.2696781,TR001
58,Shovel,52.5173916,-122.2692295,SH057
58,Dozer,52.5188323,-122.2706223,DZ002
58,Shovel,52.5219651,-122.2724247,SH003
58,Truck,52.5223184,-122.2763944,TR003
58,Truck,52.5240026,-122.290256,TR002
58,Truck,52.5244073,-122.2909105,TR004
59,Dozer,52.5039905,-122.2578764,DZ003
59,Truck,52.5047808,-122.2572327,TR005
59,Shovel,52.5146172,-122.2750975,SH002
59,Dozer,52.5153329,-122.2686481,DZ001
59,Dozer,52.51547,-122.2758901,DZ004
59,Truck,52.5173438,-122.2698498,TR001
59,Shovel,52.5173891,-122.2692335,SH058
59,Dozer,52.5189629,-122.2718239,DZ002
59,Shovel,52.5219586,-122.2724274,SH003
59,Truck,52.5225012,-122.2767591,TR003
59,Truck,52.5239765,-122.2898483,TR002
59,Truck,52.5240875,-122.2904706,TR004
60,Dozer,52.5041016,-122.2575545,DZ003
60,Truck,52.504833,-122.2559023,TR005
60,Shovel,52.5146139,-122.2750854,SH002
60,Dozer,52.5152546,-122.2689056,DZ001
60,Dozer,52.5155353,-122.2760618,DZ004
60,Shovel,52.5173867,-122.2692369,SH059
60,Truck,52.517396,-122.2699785,TR001
60,Dozer,52.518754,-122.2721672,DZ002
60,Shovel,52.5219537,-122.2724307,SH003
60,Truck,52.5226187,-122.2775745,TR003
60,Truck,52.5237284,-122.2897625,TR004
60,Truck,52.5240548,-122.2894835,TR002
61,Dozer,52.5042322,-122.2572756,DZ003
61,Truck,52.5049897,-122.2546148,TR005
61,Shovel,52.514609,-122.2750707,SH002
61,Dozer,52.5155549,-122.2761905,DZ004
61,Dozer,52.5170304,-122.2694635,DZ001
61,Shovel,52.5173834,-122.2692429,SH060
61,Truck,52.5174613,-122.2698069,TR001
61,Dozer,52.5185712,-122.2723389,DZ002
61,Shovel,52.5219537,-122.2724368,SH003
61,Truck,52.5225273,-122.2784758,TR003
61,Truck,52.5232715,-122.2887862,TR004
61,Truck,52.5241593,-122.2889256,TR002
62,Dozer,52.5043693,-122.2571254,DZ003
62,Truck,52.5051987,-122.2536278,TR005
62,Shovel,52.5146049,-122.2750586,SH002
62,Dozer,52.5152546,-122.268219,DZ001
62,Dozer,52.5155876,-122.2763193,DZ004
62,Shovel,52.5173793,-122.269249,SH061
62,Truck,52.517396,-122.2695279,TR001
62,Dozer,52.5183101,-122.2725534,DZ002
62,Shovel,52.5219516,-122.2724435,SH003
62,Truck,52.5222923,-122.279613,TR003
62,Truck,52.5229843,-122.2882605,TR004
62,Truck,52.5243682,-122.2885394,TR002
63,Dozer,52.5044869,-122.2570717,DZ003
63,Truck,52.5056689,-122.2526407,TR005
63,Shovel,52.5146033,-122.2750452,SH002
63,Dozer,52.5154635,-122.2699785,DZ001
63,Dozer,52.5156202,-122.2763944,DZ004
63,Shovel,52.5173752,-122.2692523,SH062
63,Truck,52.517396,-122.269249,TR001
63,Dozer,52.5181011,-122.2725964,DZ002
63,Shovel,52.5219512,-122.2724482,SH003
63,Truck,52.5220704,-122.2804713,TR003
63,Truck,52.5225404,-122.2878098,TR004
63,Truck,52.5244857,-122.2881532,TR002
64,Dozer,52.5043824,-122.2572434,DZ003
64,Truck,52.5060607,-122.2517395,TR005
64,Shovel,52.5145992,-122.2750305,SH002
64,Dozer,52.5157377,-122.2765446,DZ004
64,Dozer,52.5159858,-122.2703218,DZ001
64,Shovel,52.5173712,-122.2692557,SH063
64,Truck,52.5175136,-122.2694421,TR001
64,Dozer,52.5178922,-122.2724676,DZ002
64,Truck,52.5217962,-122.2812438,TR003
64,Shovel,52.5219508,-122.2724535,SH003
64,Truck,52.5220181,-122.2873378,TR004
64,Truck,52.5246162,-122.2878742,TR002
65,Dozer,52.5042975,-122.2574043,DZ003
65,Truck,52.5060869,-122.2501945,TR005
65,Shovel,52.5145943,-122.2750157,SH002
65,Dozer,52.515568,-122.2765768,DZ004
65,Dozer,52.5162209,-122.2705364,DZ001
65,Shovel,52.5173683,-122.269261,SH064
65,Truck,52.5175397,-122.2696781,TR001
65,Dozer,52.5182578,-122.2706223,DZ002
65,Truck,52.5215612,-122.2817802,TR003
65,Truck,52.5216003,-122.2868764,TR004
65,Shovel,52.5219504,-122.2724602,SH003
65,Truck,52.5247468,-122.2876382,TR002
66,Dozer,52.5041538,-122.2577262,DZ003
66,Truck,52.5059301,-122.2488642,TR005
66,Shovel,52.5145919,-122.275005,SH002
66,Dozer,52.5157181,-122.2766948,DZ004
66,Dozer,52.5166387,-122.2704506,DZ001
66,Shovel,52.5173659,-122.2692691,SH065
66,Truck,52.5175397,-122.2698498,TR001
66,Dozer,52.5185712,-122.2704077,DZ002
66,Truck,52.5215612,-122.2821021,TR003
66,Truck,52.5217309,-122.2865868,TR004
66,Shovel,52.5219492,-122.2724669,SH003
66,Truck,52.5249034,-122.2873592,TR002
67,Dozer,52.5039318,-122.2586381,DZ003
67,Truck,52.505695,-122.2476196,TR005
67,Shovel,52.5145886,-122.2749929,SH002
67,Dozer,52.5155484,-122.2767591,DZ004
67,Dozer,52.5168215,-122.2701931,DZ001
67,Shovel,52.517361,-122.2692751,SH066
67,Truck,52.5175266,-122.27,TR001
67,Dozer,52.5191457,-122.2705793,DZ002
67,Shovel,52.5219492,-122.272473,SH003
67,Truck,52.521992,-122.2861147,TR004
67,Truck,52.5220442,-122.2824883,TR003
67,Truck,52.525047,-122.2869945,TR002
68,Dozer,52.5038142,-122.2589278,DZ003
68,Truck,52.5064264,-122.2464609,TR005
68,Shovel,52.5145845,-122.2749808,SH002
68,Dozer,52.5157116,-122.2768235,DZ004
68,Dozer,52.5170304,-122.269721,DZ001
68,Shovel,52.517354,-122.2692738,SH067
68,Truck,52.5174352,-122.2701287,TR001
68,Dozer,52.5193807,-122.2707939,DZ002
68,Shovel,52.5219476,-122.272479,SH003
68,Truck,52.5223641,-122.2858036,TR004
68,Truck,52.5224359,-122.2826815,TR003
68,Truck,52.5251384,-122.2866297,TR002
69,Dozer,52.5037228,-122.2591853,DZ003
69,Truck,52.5074974,-122.2464609,TR005
69,Shovel,52.5145853,-122.274954,SH002
69,Dozer,52.515581,-122.2769415,DZ004
69,Dozer,52.517161,-122.2689486,DZ001
69,Shovel,52.5173459,-122.2692704,SH068
69,Truck,52.5174875,-122.2703862,TR001
69,Dozer,52.5195635,-122.2709656,DZ002
69,Shovel,52.5219476,-122.2724844,SH003
69,Truck,52.522573,-122.2856426,TR004
69,Truck,52.5227493,-122.2828102,TR003
69,Truck,52.5250993,-122.286222,TR002
70,Dozer,52.5034877,-122.2596574,DZ003
70,Truck,52.5082549,-122.2486496,TR005
70,Shovel,52.5145821,-122.2749406,SH002
70,Dozer,52.5153656,-122.2769308,DZ004
70,Dozer,52.5167693,-122.2688627,DZ001
70,Shovel,52.5173381,-122.2692664,SH069
70,Truck,52.5175266,-122.2706437,TR001
70,Dozer,52.5196419,-122.272253,DZ002
70,Shovel,52.521948,-122.2724891,SH003
70,Truck,52.5227819,-122.2855997,TR004
70,Truck,52.5232193,-122.2831106,TR003
70,Truck,52.5249034,-122.285943,TR002
71,Dozer,52.5032656,-122.2600651,DZ003
71,Truck,52.508934,-122.2510529,TR005
71,Shovel,52.5145804,-122.2749312,SH002
71,Dozer,52.5151501,-122.269249,DZ001
71,Dozer,52.5154374,-122.2767699,DZ004
71,Shovel,52.5173308,-122.2692664,SH070
71,Truck,52.517605,-122.2711372,TR001
71,Dozer,52.5198508,-122.2725105,DZ002
71,Shovel,52.521948,-122.2724951,SH003
71,Truck,52.5230169,-122.2857606,TR004
71,Truck,52.5235457,-122.2833037,TR003
71,Truck,52.5247468,-122.2856641,TR002
72,Dozer,52.5031481,-122.2604406,DZ003
72,Truck,52.5096654,-122.2529411,TR005
72,Shovel,52.5145788,-122.2749218,SH002
72,Dozer,52.5150456,-122.2695923,DZ001
72,Dozer,52.5152938,-122.2767484,DZ004
72,Shovel,52.517325,-122.2692657,SH071
72,Truck,52.5176441,-122.2715878,TR001
72,Dozer,52.5200858,-122.2726393,DZ002
72,Shovel,52.5219492,-122.2725018,SH003
72,Truck,52.5232584,-122.2859323,TR004
72,Truck,52.5239765,-122.2836041,TR003
72,Truck,52.5245379,-122.2852778,TR002
73,Dozer,52.5030371,-122.2609019,DZ003
73,Truck,52.5106579,-122.2551298,TR005
73,Shovel,52.5145731,-122.2749151,SH002
73,Dozer,52.5150456,-122.2688627,DZ001
73,Dozer,52.5153721,-122.2766089,DZ004
73,Shovel,52.5173193,-122.2692651,SH072
73,Truck,52.5177878,-122.2723818,TR001
73,Dozer,52.5203208,-122.272768,DZ002
73,Shovel,52.5219484,-122.2725112,SH003
73,Truck,52.5233955,-122.2860396,TR004
73,Truck,52.5243159,-122.284956,TR002
73,Truck,52.5243682,-122.2840977,TR003
74,Dozer,52.503024,-122.2611701,DZ003
74,Truck,52.5110236,-122.2563744,TR005
74,Shovel,52.5145658,-122.2749071,SH002
74,Dozer,52.5152285,-122.2766304,DZ004
74,Dozer,52.515359,-122.2677469,DZ001
74,Shovel,52.5173108,-122.269263,SH073
74,Truck,52.5175919,-122.273047,TR001
74,Dozer,52.5209998,-122.2719526,DZ002
74,Shovel,52.5219512,-122.2725125,SH003
74,Truck,52.523154,-122.286104,TR004
74,Truck,52.5242246,-122.2844839,TR002
74,Truck,52.5246554,-122.2844195,TR003
75,Dozer,52.5029979,-122.2614169,DZ003
75,Truck,52.5112325,-122.2556877,TR005
75,Shovel,52.5145674,-122.2748896,SH002
75,Dozer,52.5151371,-122.2767591,DZ004
75,Dozer,52.5158814,-122.267189,DZ001
75,Truck,52.5172263,-122.2734118,TR001
75,Shovel,52.5173051,-122.2692657,SH074
75,Dozer,52.521287,-122.2718668,DZ002
75,Shovel,52.5219545,-122.2725159,SH003
75,Truck,52.5228015,-122.2860825,TR004
75,Truck,52.5240809,-122.2841406,TR002
75,Truck,52.5249557,-122.2843552,TR003
76,Dozer,52.5030175,-122.2616959,DZ003
76,Truck,52.5107101,-122.2537136,TR005
76,Shovel,52.5145658,-122.2748736,SH002
76,Dozer,52.5149934,-122.2768128,DZ004
76,Dozer,52.5160381,-122.2668028,DZ001
76,Truck,52.5169129,-122.2737551,TR001
76,Shovel,52.5173006,-122.2692671,SH075
76,Dozer,52.5214437,-122.2714376,DZ002
76,Shovel,52.5219582,-122.2725186,SH003
76,Truck,52.5225469,-122.2861683,TR004
76,Truck,52.5236762,-122.283926,TR002
76,Truck,52.5253081,-122.2839689,TR003
77,Dozer,52.5030109,-122.2620285,DZ003
77,Truck,52.5103706,-122.2514391,TR005
77,Shovel,52.5145625,-122.2748601,SH002
77,Dozer,52.5148237,-122.2767699,DZ004
77,Dozer,52.5162731,-122.2665024,DZ001
77,Truck,52.5165865,-122.2740555,TR001
77,Shovel,52.5172977,-122.2692711,SH076
77,Dozer,52.5216003,-122.2711802,DZ002
77,Shovel,52.5219614,-122.2725206,SH003
77,Truck,52.5223119,-122.2864795,TR004
77,Truck,52.5232584,-122.2836685,TR002
77,Truck,52.525504,-122.2836256,TR003
78,Dozer,52.5030762,-122.2622001,DZ003
78,Truck,52.5107624,-122.2491646,TR005
78,Shovel,52.5145551,-122.2748575,SH002
78,Dozer,52.5146996,-122.2767806,DZ004
78,Truck,52.516247,-122.274313,TR001
78,Dozer,52.5165081,-122.2662449,DZ001
78,Shovel,52.5172977,-122.2692791,SH077
78,Shovel,52.5219643,-122.2725219,SH003
78,Truck,52.5225926,-122.2871017,TR004
78,Truck,52.5228276,-122.2834539,TR002
78,Truck,52.5256084,-122.283411,TR003
79,Dozer,52.5031481,-122.2624898,DZ003
79,Truck,52.5119377,-122.2461605,TR005
79,Shovel,52.5145568,-122.2748668,SH002
79,Dozer,52.5147192,-122.2768557,DZ004
79,Truck,52.5158422,-122.2744632,TR001
79,Dozer,52.5166648,-122.2657728,DZ001
79,Shovel,52.5172883,-122.2692811,SH078
79,Shovel,52.5219667,-122.2725253,SH003
79,Truck,52.5223968,-122.2831964,TR002
79,Truck,52.523389,-122.2875094,TR004
79,Truck,52.5256737,-122.283175,TR003
80,Dozer,52.5032787,-122.262758,DZ003
80,Truck,52.5129041,-122.2452593,TR005
80,Shovel,52.5145592,-122.2748749,SH002
80,Dozer,52.5147845,-122.2768986,DZ004
80,Truck,52.5153852,-122.2743344,TR001
80,Dozer,52.5170043,-122.2653008,DZ001
80,Shovel,52.5172863,-122.2692691,SH079
80,Truck,52.5219006,-122.282939,TR002
80,Shovel,52.5219712,-122.2725273,SH003
80,Truck,52.523735,-122.2876596,TR004
80,Truck,52.5256606,-122.2829604,TR003
81,Dozer,52.5033375,-122.2629082,DZ003
81,Truck,52.513557,-122.2441864,TR005
81,Shovel,52.51456,-122.2748843,SH002
81,Dozer,52.5149216,-122.2769737,DZ004
81,Truck,52.5150456,-122.274034,TR001
81,Dozer,52.5172655,-122.2651291,DZ001
81,Shovel,52.5172932,-122.269259,SH080
81,Truck,52.5215351,-122.2828102,TR002
81,Shovel,52.5219745,-122.272532,SH003
81,Truck,52.5237154,-122.2878957,TR004
81,Truck,52.5254909,-122.282896,TR003
82,Dozer,52.5034485,-122.2631335,DZ003
82,Truck,52.5133219,-122.2429848,TR005
82,Shovel,52.51456,-122.2748937,SH002
82,Truck,52.5147061,-122.2739697,TR001
82,Dozer,52.5150261,-122.2769952,DZ004
82,Shovel,52.5172998,-122.2692557,SH081
82,Dozer,52.5174744,-122.2648716,DZ001
82,Truck,52.521287,-122.2826171,TR002
82,Shovel,52.5219737,-122.2725367,SH003
82,Truck,52.5238068,-122.2880888,TR004
82,Truck,52.5253212,-122.2828102,TR003
83,Dozer,52.5035465,-122.2632945,DZ003
83,Truck,52.5123034,-122.2420835,TR005
83,Shovel,52.5145641,-122.2749178,SH002
83,Truck,52.5147323,-122.2742271,TR001
83,Dozer,52.5151893,-122.2769415,DZ004
83,Shovel,52.5173059,-122.269255,SH082
83,Dozer,52.5177878,-122.2648287,DZ001
83,Truck,52.5214045,-122.2818875,TR002
83,Shovel,52.521972,-122.272542,SH003
83,Truck,52.5240157,-122.2881854,TR004
83,Truck,52.5252168,-122.282896,TR003
84,Dozer,52.5036379,-122.2634876,DZ003
84,Truck,52.5112847,-122.2419548,TR005
84,Shovel,52.5145731,-122.2749245,SH002
84,Truck,52.5149804,-122.2746778,TR001
84,Dozer,52.5152742,-122.2769201,DZ004
84,Shovel,52.517312,-122.2692537,SH083
84,Dozer,52.5180489,-122.2650003,DZ001
84,Truck,52.5216656,-122.2812438,TR002
84,Shovel,52.5219724,-122.2725461,SH003
84,Truck,52.524218,-122.2882283,TR004
85,Dozer,52.5037228,-122.2636163,DZ003
85,Truck,52.5103183,-122.2419548,TR005
85,Shovel,52.5145756,-122.2749366,SH002
85,Truck,52.5151501,-122.2752142,TR001
85,Dozer,52.5153199,-122.2771025,DZ004
85,Shovel,52.5173185,-122.2692537,SH084
85,Dozer,52.5184667,-122.2649145,DZ001
85,Shovel,52.5219733,-122.2725514,SH003
85,Truck,52.5221095,-122.2800207,TR002
85,Truck,52.5247207,-122.2886038,TR004
86,Dozer,52.5038273,-122.2638094,DZ003
86,Truck,52.5091169,-122.2412252,TR005
86,Shovel,52.5145772,-122.2749473,SH002
86,Truck,52.5152023,-122.2764587,TR001
86,Dozer,52.5154831,-122.2770488,DZ004
86,Shovel,52.5173234,-122.2692563,SH085
86,Dozer,52.5186495,-122.2653866,DZ001
86,Shovel,52.5219745,-122.2725555,SH003
86,Truck,52.5223445,-122.2790766,TR002
86,Truck,52.525047,-122.2890973,TR004
87,Dozer,52.5039448,-122.2639811,DZ003
87,Truck,52.5077064,-122.2409678,TR005
87,Shovel,52.5145902,-122.2749621,SH002
87,Truck,52.5155157,-122.277081,TR001
87,Dozer,52.5156006,-122.2770703,DZ004
87,Shovel,52.5173291,-122.2692563,SH086
87,Dozer,52.5187279,-122.2657728,DZ001
87,Shovel,52.5219757,-122.2725601,SH003
87,Truck,52.5225404,-122.2776389,TR002
87,Truck,52.5251972,-122.2895801,TR004
88,Dozer,52.5040297,-122.2641313,DZ003
88,Truck,52.5068444,-122.2410536,TR005
88,Dozer,52.5157443,-122.2769845,DZ004
88,Truck,52.5158291,-122.2776175,TR001
88,Shovel,52.5173336,-122.2692577,SH087
88,Dozer,52.5187018,-122.266202,DZ001
88,Shovel,52.5219773,-122.2725642,SH003
88,Truck,52.5225143,-122.2769094,TR002
88,Truck,52.5253538,-122.2907066,TR004
89,Dozer,52.5041538,-122.264421,DZ003
89,Truck,52.5056428,-122.2415686,TR005
89,Dozer,52.51579,-122.2767913,DZ004
89,Truck,52.5167562,-122.2786045,TR001
89,Shovel,52.5173377,-122.2692584,SH088
89,Dozer,52.5186234,-122.2665024,DZ001
89,Shovel,52.5219806,-122.2725655,SH003
89,Truck,52.5221487,-122.2763515,TR002
89,Truck,52.5255758,-122.2910392,TR004
90,Truck,52.5036836,-122.2422123,TR005
90,Dozer,52.5042518,-122.2645712,DZ003
90,Dozer,52.5158552,-122.2769845,DZ004
90,Shovel,52.5173414,-122.2692577,SH089
90,Truck,52.5175658,-122.2793341,TR001
90,Dozer,52.5184406,-122.266674,DZ001
90,Truck,52.5219398,-122.2755146,TR002
90,Shovel,52.5219786,-122.2725756,SH003
90,Truck,52.5257846,-122.2910285,TR004
91,Truck,52.5019856,-122.242856,TR005
91,Dozer,52.5043628,-122.2646999,DZ003
91,Dozer,52.5157377,-122.2772419,DZ004
91,Shovel,52.5173487,-122.2692604,SH090
91,Truck,52.5182578,-122.2800207,TR001
91,Dozer,52.5182578,-122.2668457,DZ001
91,Truck,52.5216917,-122.2743344,TR002
91,Shovel,52.5219761,-122.2725796,SH003
91,Truck,52.5266071,-122.2896016,TR004
92,Truck,52.5011757,-122.2431135,TR005
92,Dozer,52.5044477,-122.2648072,DZ003
92,Dozer,52.515581,-122.2772849,DZ004
92,Shovel,52.5173536,-122.2692584,SH091
92,Truck,52.5195113,-122.2810078,TR001
92,Truck,52.5214959,-122.2733474,TR002
92,Shovel,52.5219745,-122.272585,SH003
92,Truck,52.5270118,-122.2889042,TR004
93,Truck,52.4996082,-122.2432423,TR005
93,Dozer,52.5045261,-122.2649896,DZ003
93,Dozer,52.515359,-122.2771883,DZ004
93,Shovel,52.5173593,-122.2692537,SH092
93,Truck,52.5204644,-122.2817159,TR001
93,Truck,52.5216526,-122.2729611,TR002
93,Shovel,52.5219782,-122.272591,SH003
93,Truck,52.527188,-122.2883892,TR004
94,Truck,52.4983281,-122.2444439,TR005
94,Dozer,52.5045652,-122.2652149,DZ003
94,Dozer,52.5151697,-122.2771776,DZ004
94,Shovel,52.5173638,-122.2692389,SH093
94,Truck,52.5214045,-122.2822523,TR001
94,Truck,52.5217962,-122.2730684,TR002
94,Shovel,52.5219773,-122.2725977,SH003
94,Truck,52.5271228,-122.2877777,TR004
95,Truck,52.4980407,-122.2454309,TR005
95,Dozer,52.5045522,-122.2654831,DZ003
95,Dozer,52.5150522,-122.2771239,DZ004
95,Shovel,52.5173712,-122.2692402,SH094
95,Truck,52.5218615,-122.2735405,TR002
95,Shovel,52.5219749,-122.2726004,SH003
95,Truck,52.5221487,-122.2826171,TR001
95,Truck,52.5270705,-122.286973,TR004
96,Truck,52.4998172,-122.246418,TR005
96,Dozer,52.5045652,-122.2657406,DZ003
96,Dozer,52.5149477,-122.277081,DZ004
96,Shovel,52.5173765,-122.2692376,SH095
96,Shovel,52.5219708,-122.272595,SH003
96,Truck,52.5222009,-122.2742057,TR002
96,Truck,52.5229582,-122.2830677,TR001
96,Truck,52.5271358,-122.2865331,TR004
97,Truck,52.5008361,-122.2463751,TR005
97,Dozer,52.5045848,-122.2659016,DZ003
97,Dozer,52.5148041,-122.2770596,DZ004
97,Shovel,52.5173814,-122.2692335,SH096
97,Shovel,52.5219684,-122.272589,SH003
97,Truck,52.5224359,-122.2744203,TR002
97,Truck,52.5238721,-122.2835827,TR001
97,Truck,52.5277494,-122.2850525,TR004
98,Truck,52.5010973,-122.246933,TR005
98,Dozer,52.5046175,-122.2661054,DZ003
98,Dozer,52.5149804,-122.2768772,DZ004
98,Shovel,52.517392,-122.2692195,SH097
98,Shovel,52.5219643,-122.2725923,SH003
98,Truck,52.5225665,-122.2740984,TR002
98,Truck,52.5243812,-122.2840118,TR001
98,Truck,52.5281541,-122.2843766,TR004
99,Truck,52.5000524,-122.2471476,TR005
99,Dozer,52.504735,-122.2665238,DZ003
99,Dozer,52.5151305,-122.2768557,DZ004
99,Shovel,52.5173981,-122.2692174,SH098
99,Shovel,52.5219651,-122.272597,SH003
99,Truck,52.5223315,-122.2736907,TR002
99,Truck,52.5247468,-122.2844839,TR001
99,Truck,52.5283433,-122.2840762,TR004
100,Truck,52.4986154,-122.2469759,TR005
100,Dozer,52.5044673,-122.2660625,DZ003
100,Dozer,52.5152089,-122.2767699,DZ004
100,Shovel,52.5174014,-122.2692128,SH099
100,Shovel,52.5219635,-122.2726051,SH003
100,Truck,52.5220051,-122.2731972,TR002
100,Truck,52.525269,-122.2849989,TR001
101,Truck,52.4965514,-122.2488642,TR005
101,Dozer,52.5046436,-122.2666097,DZ003
101,Dozer,52.5154504,-122.2766089,DZ004
101,Shovel,52.5174014,-122.2692067,SH100
101,Truck,52.5219006,-122.2727895,TR002
101,Shovel,52.521961,-122.2726111,SH003
101,Truck,52.5256215,-122.2854495,TR001
102,Truck,52.4960811,-122.2510099,TR005
102,Dozer,52.5043889,-122.2663522,DZ003
102,Dozer,52.5155157,-122.2764695,DZ004
102,Shovel,52.5173977,-122.2692054,SH101
102,Truck,52.5216526,-122.2726607,TR002
102,Shovel,52.5219561,-122.2726138,SH003
102,Truck,52.5257651,-122.2858572,TR001
103,Truck,52.4961857,-122.2524691,TR005
103,Dozer,52.5046959,-122.266835,DZ003
103,Dozer,52.5157247,-122.2764051,DZ004
103,Shovel,52.5173936,-122.2692054,SH102
103,Truck,52.5213523,-122.2730684,TR002
103,Shovel,52.5219529,-122.2726178,SH003
103,Truck,52.5259739,-122.2861791,TR001
104,Truck,52.4964469,-122.2537565,TR005
104,Dozer,52.504415,-122.2665775,DZ003
104,Dozer,52.5158095,-122.27633,DZ004
104,Shovel,52.5173899,-122.2692067,SH103
104,Truck,52.5207778,-122.2731543,TR002
104,Shovel,52.5219488,-122.2726259,SH003
104,Truck,52.5260784,-122.2864151,TR001
105,Truck,52.4957676,-122.2586489,TR005
105,Dozer,52.5046501,-122.2664702,DZ003
105,Dozer,52.5156724,-122.276094,DZ004
105,Shovel,52.5173875,-122.2692107,SH104
105,Truck,52.5198899,-122.2735834,TR002
105,Shovel,52.5219447,-122.2726306,SH003
106,Truck,52.4956631,-122.2628546,TR005
106,Dozer,52.5044085,-122.2662342,DZ003
106,Dozer,52.5156202,-122.2761691,DZ004
106,Shovel,52.517385,-122.2692141,SH105
106,Truck,52.5190674,-122.2742701,TR002
106,Shovel,52.5219398,-122.2726366,SH003
107,Truck,52.4950099,-122.2667599,TR005
107,Dozer,52.5048134,-122.2663629,DZ003
107,Dozer,52.5154896,-122.2763729,DZ004
107,Shovel,52.5173818,-122.2692188,SH106
107,Truck,52.51784,-122.2750211,TR002
107,Shovel,52.5219361,-122.272642,SH003
108,Truck,52.4948009,-122.2701931,TR005
108,Dozer,52.5047416,-122.2660518,DZ003
108,Dozer,52.5154047,-122.2764587,DZ004
108,Truck,52.5170957,-122.2751498,TR002
108,Shovel,52.5173789,-122.2692248,SH107
108,Shovel,52.5219312,-122.2726467,SH003
109,Truck,52.4956109,-122.2726393,TR005
109,Dozer,52.5048852,-122.2663629,DZ003
109,Dozer,52.5151958,-122.2765338,DZ004
109,Truck,52.5167301,-122.275064,TR002
109,Shovel,52.5173761,-122.2692275,SH108
109,Shovel,52.521928,-122.2726513,SH003
110,Truck,52.4969695,-122.2743988,TR005
110,Dozer,52.5049048,-122.266084,DZ003
110,Dozer,52.5151273,-122.2765982,DZ004
110,Truck,52.5169129,-122.2752786,TR002
110,Shovel,52.5173683,-122.2692282,SH109
110,Shovel,52.5219255,-122.272654,SH003
111,Truck,52.4979884,-122.2764158,TR005
111,Dozer,52.5049506,-122.2664058,DZ003
111,Dozer,52.5150326,-122.2766519,DZ004
111,Truck,52.5173438,-122.2752357,TR002
111,Shovel,52.5173646,-122.2692275,SH110
111,Shovel,52.5219223,-122.2726567,SH003
112,Truck,52.4991118,-122.2781754,TR005
112,Dozer,52.5050485,-122.2660625,DZ003
112,Dozer,52.5149249,-122.2766948,DZ004
112,Shovel,52.5173605,-122.2692295,SH111
112,Truck,52.5174744,-122.2754073,TR002
112,Shovel,52.5219141,-122.2726648,SH003
113,Truck,52.5001569,-122.2798061,TR005
113,Dozer,52.5048722,-122.2658479,DZ003
113,Dozer,52.5147159,-122.2766948,DZ004
113,Truck,52.5172394,-122.2757077,TR002
113,Shovel,52.5219104,-122.2726661,SH003
114,Truck,52.5019595,-122.2819519,TR005
114,Dozer,52.5047089,-122.2657728,DZ003
114,Dozer,52.5148204,-122.2764158,DZ004
114,Truck,52.5164037,-122.276051,TR002
114,Shovel,52.5219116,-122.2726775,SH003
115,Truck,52.5034224,-122.2831535,TR005
115,Dozer,52.5046501,-122.265569,DZ003
115,Dozer,52.5148922,-122.2763944,DZ004
115,Truck,52.5156985,-122.2761798,TR002
115,Shovel,52.5219149,-122.2726782,SH003
116,Dozer,52.5046306,-122.2653651,DZ003
116,Truck,52.5049636,-122.2837114,TR005
116,Dozer,52.5149771,-122.276389,DZ004
116,Truck,52.5155941,-122.2769094,TR002
116,Shovel,52.521921,-122.2726802,SH003
117,Dozer,52.5046436,-122.2651184,DZ003
117,Truck,52.506113,-122.283926,TR005
117,Dozer,52.5150587,-122.27633,DZ004
117,Truck,52.5160381,-122.2777247,TR002
117,Shovel,52.5219255,-122.2726708,SH003
118,Dozer,52.5045848,-122.2648287,DZ003
118,Truck,52.507419,-122.2840118,TR005
118,Dozer,52.5151338,-122.2763139,DZ004
118,Truck,52.5172785,-122.2792053,TR002
118,Shovel,52.5219292,-122.2726648,SH003
119,Dozer,52.5045065,-122.2646677,DZ003
119,Truck,52.5079676,-122.2833681,TR005
119,Dozer,52.5152154,-122.2762656,DZ004
119,Truck,52.518297,-122.2801709,TR002
119,Shovel,52.5219329,-122.2726614,SH003
120,Truck,52.5089079,-122.2809649,TR005
120,Dozer,52.5152709,-122.2762442,DZ004
120,Truck,52.5197333,-122.2812223,TR002
120,Shovel,52.5219353,-122.2726567,SH003
121,Truck,52.5100572,-122.2788191,TR005
121,Dozer,52.5153166,-122.2761905,DZ004
121,Truck,52.5209867,-122.2820377,TR002
121,Shovel,52.5219382,-122.272654,SH003
122,Truck,52.5109452,-122.2768879,TR005
122,Dozer,52.5154178,-122.2761583,DZ004
122,Truck,52.5217178,-122.2824669,TR002
122,Shovel,52.521941,-122.2726513,SH003
123,Truck,52.5115459,-122.2762442,TR005
123,Dozer,52.5153884,-122.2760618,DZ004
123,Shovel,52.5219447,-122.2726493,SH003
123,Truck,52.5233107,-122.2833681,TR002
124,Truck,52.5119116,-122.2746992,TR005
124,Dozer,52.5153329,-122.275992,DZ004
124,Shovel,52.5219476,-122.272646,SH003
124,Truck,52.5241462,-122.2839046,TR002
125,Truck,52.511572,-122.2733688,TR005
125,Dozer,52.5152546,-122.2760296,DZ004
125,Shovel,52.5219508,-122.2726406,SH003
125,Truck,52.5244334,-122.284205,TR002
126,Truck,52.5109713,-122.2721243,TR005
126,Dozer,52.5151534,-122.276094,DZ004
126,Shovel,52.5219533,-122.2726379,SH003
126,Truck,52.5248382,-122.2841835,TR002
127,Truck,52.5111019,-122.2711802,TR005
127,Dozer,52.5150816,-122.276153,DZ004
127,Shovel,52.5219561,-122.2726353,SH003
127,Truck,52.5249557,-122.2836471,TR002
128,Truck,52.5118593,-122.2712231,TR005
128,Dozer,52.5151436,-122.276153,DZ004
128,Shovel,52.521959,-122.2726326,SH003
128,Truck,52.5250601,-122.2834754,TR002
129,Truck,52.5128518,-122.2698069,TR005
129,Dozer,52.5150293,-122.2761798,DZ004
129,Shovel,52.5219622,-122.2726299,SH003
129,Truck,52.5251776,-122.2832394,TR002
130,Truck,52.5137137,-122.2683048,TR005
130,Dozer,52.5149412,-122.2761905,DZ004
130,Shovel,52.5219651,-122.2726265,SH003
130,Truck,52.5253604,-122.2830892,TR002
131,Truck,52.5147845,-122.2665024,TR005
131,Dozer,52.5148726,-122.2762334,DZ004
131,Shovel,52.5219684,-122.2726218,SH003
131,Truck,52.5255562,-122.2830677,TR002
132,Dozer,52.5147975,-122.276271,DZ004
132,Truck,52.5156724,-122.2637129,TR005
132,Shovel,52.5219704,-122.2726165,SH003
132,Truck,52.5257128,-122.2831535,TR002
133,Dozer,52.5147616,-122.2764051,DZ004
133,Truck,52.516482,-122.2619963,TR005
133,Shovel,52.5219716,-122.2726098,SH003
133,Truck,52.5257651,-122.2834325,TR002
134,Dozer,52.5146441,-122.2764051,DZ004
134,Truck,52.51784,-122.2613525,TR005
134,Shovel,52.5219741,-122.2726084,SH003
134,Truck,52.5255954,-122.2837973,TR002
135,Dozer,52.5145853,-122.2766036,DZ004
135,Truck,52.5193285,-122.2628546,TR005
135,Shovel,52.5219753,-122.2726145,SH003
135,Truck,52.5254126,-122.2839904,TR002
136,Dozer,52.5146278,-122.2768128,DZ004
136,Truck,52.5196419,-122.2637987,TR005
136,Shovel,52.5219737,-122.2726192,SH003
136,Truck,52.5252951,-122.284205,TR002
137,Dozer,52.5148661,-122.2768664,DZ004
137,Truck,52.5217309,-122.2668457,TR005
137,Shovel,52.5219716,-122.2726239,SH003
137,Truck,52.5251515,-122.2843981,TR002
138,Dozer,52.514742,-122.2769523,DZ004
138,Shovel,52.52197,-122.2726292,SH003
138,Truck,52.5234021,-122.2673607,TR005
138,Truck,52.5250079,-122.2845054,TR002
139,Dozer,52.5146408,-122.2768664,DZ004
139,Shovel,52.5219671,-122.2726326,SH003
139,Truck,52.5230887,-122.2699785,TR005
139,Truck,52.5248643,-122.2846556,TR002
140,Dozer,52.5145658,-122.2768182,DZ004
140,Truck,52.5237154,-122.2690344,TR005
140,Truck,52.5249295,-122.2848058,TR002
141,Dozer,52.5146506,-122.2767055,DZ004
141,Truck,52.5251515,-122.284956,TR002
141,Truck,52.5252037,-122.2677469,TR005
142,Dozer,52.514667,-122.2764534,DZ004
142,Truck,52.5252951,-122.2852349,TR002
142,Truck,52.5266136,-122.2670603,TR005
143,Dozer,52.5146898,-122.2762817,DZ004
143,Truck,52.5254387,-122.2853851,TR002
143,Truck,52.5275274,-122.264142,TR005
144,Dozer,52.5147061,-122.2760886,DZ004
144,Truck,52.5255562,-122.285707,TR002
144,Truck,52.5280496,-122.2612667,TR005
145,Dozer,52.5147061,-122.2757614,DZ004
145,Truck,52.5256215,-122.2858357,TR002
145,Truck,52.5275536,-122.2594213,TR005
146,Dozer,52.5148367,-122.2756433,DZ004
146,Truck,52.525739,-122.2860074,TR002
146,Truck,52.5274752,-122.2587776,TR005
147,Dozer,52.5148694,-122.275461,DZ004
147,Truck,52.5258042,-122.2862434,TR002
147,Truck,52.5281541,-122.2583485,TR005
148,Dozer,52.5148759,-122.2752357,DZ004
148,Truck,52.5259217,-122.2863722,TR002
148,Truck,52.5289634,-122.2594643,TR005
149,Dozer,52.5148106,-122.2750747,DZ004
149,Truck,52.5260392,-122.2864795,TR002
149,Truck,52.529355,-122.2608805,TR005
150,Dozer,52.514791,-122.2749031,DZ004
150,Truck,52.5261306,-122.286737,TR002
150,Truck,52.5299294,-122.26264,TR005
151,Dozer,52.5149281,-122.274828,DZ004
151,Truck,52.5259478,-122.2868657,TR002
151,Truck,52.5300338,-122.2648287,TR005
152,Dozer,52.5150848,-122.2748816,DZ004
152,Truck,52.5255431,-122.2862005,TR002
152,Truck,52.5301905,-122.2689486,TR005
153,Dozer,52.5150195,-122.2749674,DZ004
153,Truck,52.5251515,-122.285471,TR002
153,Truck,52.5301905,-122.271266,TR005
154,Dozer,52.5151436,-122.2750318,DZ004
154,Truck,52.5247859,-122.2849774,TR002
154,Truck,52.530321,-122.272253,TR005
155,Dozer,52.5150326,-122.2751176,DZ004
155,Truck,52.5245771,-122.2846341,TR002
155,Truck,52.5311303,-122.2735405,TR005
156,Dozer,52.5149216,-122.2751927,DZ004
156,Truck,52.5310781,-122.2768879,TR005
157,Dozer,52.5149216,-122.2753215,DZ004
157,Truck,52.5310781,-122.2796345,TR005
158,Dozer,52.5150326,-122.2753,DZ004
158,Truck,52.5311825,-122.2822523,TR005
159,Dozer,52.5151958,-122.2752464,DZ004
159,Truck,52.5317047,-122.284441,TR005
160,Dozer,52.5152742,-122.2753215,DZ004
160,Truck,52.5311303,-122.2863722,TR005
161,Dozer,52.5151175,-122.2754073,DZ004
161,Truck,52.5307126,-122.2867155,TR005
162,Dozer,52.5149804,-122.2754395,DZ004
162,Truck,52.5299033,-122.2856426,TR005
163,Dozer,52.5149281,-122.2755361,DZ004
163,Truck,52.5293028,-122.2851276,TR005
164,Dozer,52.5147388,-122.2754395,DZ004
164,Truck,52.5286501,-122.2850418,TR005
165,Dozer,52.5146539,-122.2754288,DZ004
165,Truck,52.5284674,-122.2846127,TR005
166,Dozer,52.5146278,-122.2755361,DZ004
167,Dozer,52.5146017,-122.275697,DZ004
168,Dozer,52.5145494,-122.2758472,DZ004
169,Dozer,52.5144972,-122.2759438,DZ004
170,Dozer,52.5143993,-122.2759974,DZ004
171,Dozer,52.5143144,-122.2760618,DZ004
172,Dozer,52.5142491,-122.2761047,DZ004
173,Dozer,52.5142295,-122.2762012,DZ004
174,Dozer,52.5141642,-122.2763193,DZ004
175,Dozer,52.514112,-122.2763944,DZ004
176,Dozer,52.5140924,-122.276566,DZ004
177,Dozer,52.5142034,-122.2766089,DZ004
178,Dozer,52.5143144,-122.2765553,DZ004
179,Dozer,52.5144254,-122.276566,DZ004
